Designator,Mid X,Mid Y,Rotation,Package,Comment,Layer
FID1,3.00,3.00,0,FIDUCIAL_1MM,,Top
FID2,57.00,37.00,0,FIDUCIAL_1MM,,Top
FID3,57.00,3.00,0,FIDUCIAL_1MM,,Top
R1,10.00,30.00,0,0603,10K,Top
C1,30.00,33.00,0,0805,100nF,Top
C2,52.00,33.00,90,1206,10uF,Top
C12,24.50,12.20,180,SMD_TANT_D,22uF/25V,Top
D1,30.00,10.00,0,SOD-123,1N4148,Top
LED1,48.00,10.00,180,LED_0805,RED,Top
Q1,12.00,10.00,0,SOT-23,BC847,Top
U1,20.00,25.00,0,SOIC-8,LM358,Top
U2,42.00,26.00,90,SOIC-14,ATTINY84,Top
U3,40.00,12.00,0,TQFP-64,ATMEGA2561,Top
R9,15.00,18.00,90,0603,DNF,Top
J1,5.00,20.00,0,HDR_2X5,CONN,Bottom
