IPN,Comment,Designator,Package,X,Y,Z
FID-1MM,,FID1,FIDUCIAL_1MM,3.00,3.00,0
FID-1MM,,FID2,FIDUCIAL_1MM,57.00,37.00,0
FID-1MM,,FID3,FIDUCIAL_1MM,57.00,3.00,0
RES-0603-10K,10K,R1,0603,10.00,30.00,0
CAP-0805-100N,100nF,C1,0805,30.00,33.00,0
CAP-1206-10U,10uF,C2,1206,52.00,33.00,90
DIO-SOD123-1N4148,1N4148,D1,SOD-123,30.00,10.00,0
LED-0805-RED,RED,LED1,LED_0805,48.00,10.00,180
TRN-SOT23-BC847,BC847,Q1,SOT-23,12.00,10.00,0
IC-SOIC8-LM358,LM358,U1,SOIC-8,20.00,25.00,0
IC-SOIC14-ATTINY84,ATTINY84,U2,SOIC-14,42.00,26.00,90
RES-0603-DNF,DNF,R9,0603,15.00,18.00,90
